,id,cosine,confidence,field,field1,field2
1393802532,,,,,,
1396035721,,,,,,
1396469849,,,,,,
1396445426,,,,,,
1398261084,,,,,,
1398148582,,,,,,
1397159147,,,,,,
1412411294,,,,,,
1403726195,,,,,,
1411315705,,,,,,
1412769478,,,,,,
1413339065,,,,,,
1402319988,,,,,,
1418603316,,,,,,
1419526418,,,,,,
1418163855,,,,,,
1421402706,,,,,,
1421164761,,,,,,
1422665670,,,,,,
1394395690,,,,,,
1401099748,,,,,,
1402346262,,,,,,
1398855818,,,,,,
1398261117,,,,,,
1406020601,,,,,,
1410046888,,,,,,
1406078843,,,,,,
1411250836,,,,,,
1413191796,,,,,,
1404056608,,,,,,
1404140165,,,,,,
1419720298,,,,,,
1402286656,,,,,,
1420086921,,,,,,
1421083948,,,,,,
1420851117,,,,,,
1421402571,,,,,,
1420159171,,,,,,
1396844010,1406120222,0.6872945427894592,possible,,_source.text,_source.text
1394314252,1394607370,0.7657631635665894,likely,,_source.text,_source.text
1395102909,,,,,,
1398261049,,,,,,
1392203684,,,,,,
1391078681,,,,,,
1406721540,,,,,,
1407062816,,,,,,
1409362462,1409592105,0.6666156053543091,possible,,_source.text,_source.text
1409795557,,,,,,
1409795335,,,,,,
1405201062,,,,,,
1411937186,,,,,,
1402314534,,,,,,
1402569951,,,,,,
1403835647,,,,,,
1404396927,,,,,,
1414750469,,,,,,
1420806603,1421845160,0.6363118290901184,possible,,_source.text,_source.text
1421402921,,,,,,
1420095545,,,,,,
1303859911,1415872779,0.652357280254364,possible,,_source.text,_source.text
1292611517,,,,,,
1292237110,,,,,,
1308373888,1311177518,0.6991693377494812,possible,,_source.text,_source.text
1310313088,,,,,,
1311036922,,,,,,
1298158838,,,,,,
1318026646,,,,,,
1318939645,1338037901,0.7001417279243469,possible,,_source.text,_source.text
1297057051,,,,,,
1302711982,,,,,,
1293824214,,,,,,
1300996650,,,,,,
1315266682,,,,,,
1317214760,,,,,,
1323026317,,,,,,
1323255835,,,,,,
1364124094,,,,,,
1361439182,,,,,,
1363034152,,,,,,
1363176437,,,,,,
1361340693,,,,,,
1361968876,,,,,,
1357133456,,,,,,
1357157141,,,,,,
1356892523,,,,,,
1360701512,,,,,,
1360477264,,,,,,
1355296458,,,,,,
1355497715,,,,,,
1354735459,,,,,,
1354367915,1397355252,0.6652584671974182,possible,,_source.pretext,_source.text
1367775248,,,,,,
1375903757,,,,,,
1372658949,,,,,,
1368819877,,,,,,
1368819881,,,,,,
1379309197,,,,,,
1378492687,,,,,,
1380493741,,,,,,
1380952086,,,,,,
1379539862,,,,,,
1381618736,,,,,,
1384450241,,,,,,
1387504896,,,,,,
1389633633,,,,,,
1353328396,,,,,,
1363617161,,,,,,
1363134689,,,,,,
1361141242,,,,,,
1360865952,,,,,,
1365251868,1369847445,0.6310354471206665,possible,,_source.text,_source.summary
1367065421,,,,,,
1355510919,,,,,,
1355462748,,,,,,
1354735469,,,,,,
1353826781,,,,,,
1366908348,1367993887,0.6396848559379578,possible,,_source.text,_source.text
1380165332,,,,,,
1375817000,,,,,,
1375826280,,,,,,
1370945176,,,,,,
1378730240,,,,,,
1377283110,,,,,,
1377603436,,,,,,
1373371385,1399104394,0.6658239960670471,possible,,_source.text,_source.text
1369707640,,,,,,
1369335491,,,,,,
1368819878,,,,,,
1385024490,,,,,,
1385497673,,,,,,
1385475822,,,,,,
1385777978,,,,,,
1387469542,,,,,,
1389340792,,,,,,
1390619521,,,,,,
1356409332,,,,,,
1357173510,,,,,,
1358157451,,,,,,
1362370076,,,,,,
1356052946,,,,,,
1362883309,1402395933,0.6253129243850708,possible,,_source.text,_source.text
1364156619,,,,,,
1364327027,,,,,,
1360443299,,,,,,
1370289825,,,,,,
1369668196,,,,,,
1368802917,,,,,,
1371002004,,,,,,
1376235427,1394607370,0.8079704642295837,likely,,_source.text,_source.text
1367064914,,,,,,
1378266235,,,,,,
1376414282,,,,,,
1369617311,,,,,,
1370128416,,,,,,
1366715846,,,,,,
1379691487,,,,,,
1381722955,,,,,,
1379746696,,,,,,
1382108358,,,,,,
1384654972,1388189956,0.756904661655426,likely,,_source.text,_source.text
1384385383,,,,,,
1385039644,,,,,,
1385124382,,,,,,
1386929194,,,,,,
1387236195,,,,,,
1388641133,,,,,,
1390920794,,,,,,
1396318373,,,,,,
1396368297,,,,,,
1395675565,,,,,,
1396862586,,,,,,
1393694163,,,,,,
1402075808,,,,,,
1405613499,1406120237,0.7920659780502319,likely,,_source.pretext,_source.text
1410047538,,,,,,
1409323075,,,,,,
1412074658,,,,,,
1412750430,,,,,,
1411478215,,,,,,
1411855190,,,,,,
1404139696,,,,,,
1403835654,,,,,,
1406565293,,,,,,
1402937635,,,,,,
1402983939,,,,,,
1414779039,,,,,,
1413911777,,,,,,
1416682286,,,,,,
1419741305,,,,,,
1421402572,,,,,,
1421917738,,,,,,
1420823224,,,,,,
1423421871,,,,,,
1396005389,,,,,,
1396987912,,,,,,
1399180978,,,,,,
1394716460,,,,,,
1393817207,,,,,,
1395028474,,,,,,
1395487838,,,,,,
1398917934,,,,,,
1398261115,,,,,,
1398261287,,,,,,
1392204022,1393936682,0.6081315279006958,possible,,_source.text,_source.text
1406081416,,,,,,
1406058965,,,,,,
1406038767,,,,,,
1405047151,,,,,,
1405442564,1411895144,0.6167683601379395,possible,,_source.pretext,_source.text
1411337681,,,,,,
1409698535,,,,,,
1417417199,,,,,,
1419013635,,,,,,
1416682288,,,,,,
1419477358,,,,,,
1419834852,,,,,,
1414383597,1415872779,0.6563059687614441,possible,,_source.text,_source.text
1414119581,,,,,,
1421693651,,,,,,
1423061527,,,,,,
1359765370,,,,,,
1361968894,,,,,,
1362329763,,,,,,
1362370007,,,,,,
1363121405,1411427394,0.6624210476875305,possible,,_source.text,_source.summary
1361647087,,,,,,
1361647089,,,,,,
1354735596,,,,,,
1376132104,,,,,,
1376568877,,,,,,
1371608886,,,,,,
1371397346,,,,,,
1378513476,,,,,,
1378932476,,,,,,
1378861213,,,,,,
1379221930,1406120222,0.7395136952400208,possible,,_source.text,_source.text
1378499148,,,,,,
1375735072,,,,,,
1367065174,,,,,,
1367750609,,,,,,
1368294699,,,,,,
1378269351,,,,,,
1368820830,,,,,,
1368821501,,,,,,
1369440032,,,,,,
1379647507,,,,,,
1380951897,,,,,,
1384353308,,,,,,
1386707929,,,,,,
1387186326,,,,,,
1387518494,,,,,,
1388536623,,,,,,
1398887755,,,,,,
1397921694,,,,,,
1394382769,,,,,,
1393884567,1393936682,0.6651138663291931,possible,,_source.pretext,_source.text
1399416061,,,,,,
1396424170,,,,,,
1397470685,1396749118,0.6143240928649902,possible,,_source.pretext,_source.text
1397191577,,,,,,
1393205429,,,,,,
1401445177,,,,,,
1406302314,,,,,,
1411201609,,,,,,
1411039703,,,,,,
1409795304,,,,,,
1403432166,,,,,,
1403464973,,,,,,
1403716208,,,,,,
1404472447,,,,,,
1412612715,,,,,,
1412254626,,,,,,
1412836420,,,,,,
1402914837,,,,,,
1420044740,,,,,,
1420709221,,,,,,
1421164762,,,,,,
1422483351,,,,,,
1422593732,,,,,,
1423354720,,,,,,
1397099001,,,,,,
1397451365,,,,,,
1395623367,,,,,,
1394537741,1398115755,0.76646888256073,likely,,_source.text,_source.text
1394671707,,,,,,
1394685017,,,,,,
1393600448,1394607370,0.6886424422264099,possible,,_source.text,_source.text
1393895869,,,,,,
1401919355,,,,,,
1402966698,,,,,,
1409795332,,,,,,
1410706038,,,,,,
1409616352,,,,,,
1411349951,,,,,,
1403835718,,,,,,
1414647175,,,,,,
1414776016,,,,,,
1413898266,,,,,,
1415464527,,,,,,
1415386903,,,,,,
1416682293,,,,,,
1418328605,,,,,,
1418343632,,,,,,
1419475079,,,,,,
1422412515,,,,,,
1422045679,,,,,,
1420870877,,,,,,
1421917739,,,,,,
1361130303,,,,,,
1361117946,,,,,,
1363382737,,,,,,
1361724623,,,,,,
1357384460,,,,,,
1356508798,,,,,,
1354368419,,,,,,
1355956663,,,,,,
1361647088,,,,,,
1354735456,,,,,,
1368270508,1372475580,0.6795852780342102,possible,,_source.pretext,_source.text
1377217335,,,,,,
1372634668,,,,,,
1371397390,,,,,,
1369383693,,,,,,
1371060517,,,,,,
1370114544,1382195984,0.73740553855896,possible,,_source.pretext,_source.text
1367348097,,,,,,
1378658990,,,,,,
1378793758,1394607370,0.7739204168319702,likely,,_source.text,_source.text
1379164191,,,,,,
1379249218,,,,,,
1378566737,1382165472,0.6111693978309631,possible,,_source.text,_source.text
1377688692,,,,,,
1380835712,,,,,,
1384633468,,,,,,
1384969050,,,,,,
1385600375,,,,,,
1384676543,,,,,,
1387631776,,,,,,
1388814716,1399104394,0.6332342624664307,possible,,_source.pretext,_source.text
1390557829,,,,,,
1389799452,,,,,,
1394620683,,,,,,
1396198737,1406120222,0.7438014149665833,possible,,_source.text,_source.text
1395653594,,,,,,
1397402421,,,,,,
1393407886,,,,,,
1394096594,,,,,,
1393934560,,,,,,
1394083415,,,,,,
1398261116,,,,,,
1398261101,,,,,,
1406477426,,,,,,
1403835717,,,,,,
1403835843,,,,,,
1409330535,1416471312,0.7966983318328857,likely,,_source.text,_source.text
1411380647,,,,,,
1405461202,,,,,,
1405425621,,,,,,
1403010950,,,,,,
1408887851,,,,,,
1413774099,,,,,,
1414855292,,,,,,
1414794155,,,,,,
1414359996,,,,,,
1418350548,,,,,,
1419067116,,,,,,
1421164753,,,,,,
1421402705,,,,,,
1421972048,,,,,,
1422583613,,,,,,
1339341852,1341415213,0.7884278297424316,likely,,_source.text,_source.text
1342143824,,,,,,
1342026345,,,,,,
1339358328,,,,,,
1338609481,,,,,,
1336806565,,,,,,
1337464134,,,,,,
1329953713,,,,,,
1332036670,,,,,,
1333218768,,,,,,
1337128855,,,,,,
1330315566,,,,,,
1330315541,,,,,,
1332470722,,,,,,
1333197045,,,,,,
1326261536,,,,,,
1348757259,,,,,,
1349918453,,,,,,
1352322748,,,,,,
1352763860,,,,,,
1331993681,1333087124,0.6517123579978943,possible,,_source.text,_source.text
1334785024,,,,,,
1325143507,,,,,,
1325955922,,,,,,
1324604550,,,,,,
1326862438,1362709086,0.6177608370780945,possible,,_source.text,_source.text
1331993671,,,,,,
1340883938,,,,,,
1340883912,,,,,,
1337464135,,,,,,
1344770081,,,,,,
1345885848,,,,,,
1345619037,,,,,,
1341683244,1422690131,0.6339744329452515,possible,,_source.text,_source.summary
1336908395,,,,,,
1347648918,,,,,,
1347279837,,,,,,
1348757250,,,,,,
1348757253,,,,,,
1348757292,,,,,,
1353302009,1357791884,0.6896666288375854,possible,,_source.text,_source.text
1373188294,,,,,,
1377864827,,,,,,
1375831983,,,,,,
1370114531,,,,,,
1370996743,,,,,,
1368819880,,,,,,
1368819876,,,,,,
1373575547,,,,,,
1363820502,,,,,,
1363851668,,,,,,
1360865835,,,,,,
1360865971,,,,,,
1361187888,,,,,,
1361117945,,,,,,
1356797976,,,,,,
1363556673,,,,,,
1367064920,,,,,,
1367868678,,,,,,
1354358188,,,,,,
1355576512,,,,,,
1360477288,,,,,,
1360477317,,,,,,
1354735454,,,,,,
1354718769,,,,,,
1385777979,,,,,,
1386173102,,,,,,
1386052393,,,,,,
1389791004,,,,,,
1389341046,,,,,,
1389340831,,,,,,
1389340823,,,,,,
1389772027,,,,,,
1390249698,,,,,,
1390729886,,,,,,
1392203712,1392781988,0.6551364064216614,possible,,_source.text,_source.summary
1393100534,,,,,,
1393549179,,,,,,
1393177608,,,,,,
1395774236,,,,,,
1397531343,,,,,,
1397535556,,,,,,
1401099743,,,,,,
1401216983,,,,,,
1401244133,,,,,,
1401851838,1404902798,0.8491824269294739,likely,,_source.text,_source.text
1398185359,,,,,,
1398261362,,,,,,
1391479207,1394607370,0.7407833933830261,possible,,_source.text,_source.text
1407062959,,,,,,
1407063464,,,,,,
1409640927,,,,,,
1409696204,,,,,,
1412819207,,,,,,
1403120720,1406120237,0.7523557543754578,likely,,_source.text,_source.text
1403427108,,,,,,
1403445244,,,,,,
1404909481,1406920046,0.6873028874397278,possible,,_source.text,_source.text
1413707142,,,,,,
1417484165,,,,,,
1412556413,,,,,,
1418093433,,,,,,
1417753151,,,,,,
1421402568,,,,,,
1423056180,,,,,,
1360345822,,,,,,
1357384455,,,,,,
1363188387,,,,,,
1363267612,,,,,,
1361521115,,,,,,
1361725045,,,,,,
1359828383,,,,,,
1359848634,,,,,,
1361968463,,,,,,
1360477306,,,,,,
1365399591,,,,,,
1367046231,,,,,,
1355296457,,,,,,
1355849365,,,,,,
1355500496,,,,,,
1354735473,,,,,,
1353328398,,,,,,
1372867433,,,,,,
1371565289,,,,,,
1371608878,,,,,,
1371119152,,,,,,
1370021704,,,,,,
1370105247,,,,,,
1370951438,1408964802,0.6029235124588013,possible,,_source.pretext,_source.text
1378961840,,,,,,
1368819875,,,,,,
1368819882,,,,,,
1368616046,,,,,,
1380695119,1394011282,0.6461883783340454,possible,,_source.text,_source.text
1380453505,,,,,,
1379746808,,,,,,
1379747195,,,,,,
1381264035,,,,,,
1385051637,,,,,,
1385778325,,,,,,
1385778343,,,,,,
1330315630,,,,,,
1329987328,,,,,,
1331447278,,,,,,
1332980221,,,,,,
1332296839,1402395933,0.6703829765319824,possible,,_source.text,_source.text
1331804616,,,,,,
1333685207,,,,,,
1332470727,,,,,,
1340883908,,,,,,
1340883935,1399501897,0.6915156245231628,possible,,_source.pretext,_source.text
1340883902,,,,,,
1339588895,,,,,,
1344752514,,,,,,
1345917423,,,,,,
1346279732,,,,,,
1347748756,,,,,,
1348503953,1419867214,0.6249464750289917,possible,,_source.text,_source.text
1350084116,,,,,,
1351993574,,,,,,
1352027870,,,,,,
1352369709,,,,,,
1352742278,,,,,,
1352762592,,,,,,
1330315563,1422690131,0.6127912402153015,possible,,_source.text,_source.summary
1331447268,,,,,,
1331445690,,,,,,
1331869370,1331813371,0.7089152932167053,possible,,_source.text,_source.text
1332470721,,,,,,
1334785022,,,,,,
1328073053,,,,,,
1335430029,,,,,,
1331993679,,,,,,
1325957373,,,,,,
1342143809,,,,,,
1344570970,,,,,,
1345113245,,,,,,
1345613413,,,,,,
1338609476,,,,,,
1339254461,,,,,,
1340883924,,,,,,
1341511261,1417866220,0.6134393215179443,possible,,_source.text,_source.text
1348311911,,,,,,
1337419573,,,,,,
1338171133,,,,,,
1337464139,,,,,,
1351939633,,,,,,
1352106711,,,,,,
1331288277,,,,,,
1334734214,,,,,,
1333670955,,,,,,
1326907836,,,,,,
1327134213,,,,,,
1330315644,,,,,,
1329716034,,,,,,
1324592237,,,,,,
1324664290,,,,,,
1339335240,,,,,,
1339073309,,,,,,
1346264366,1409064269,0.7749956846237183,likely,,_source.pretext,_source.text
1337956250,,,,,,
1338189810,,,,,,
1338194061,,,,,,
1338063731,,,,,,
1347085227,,,,,,
1337424765,,,,,,
1337352649,1407565979,0.7845295667648315,likely,,_source.text,_source.text
1349489286,,,,,,
1349498327,,,,,,
1351807815,,,,,,
1293824536,1299001333,0.812129557132721,likely,,_source.text,_source.text
1303853081,,,,,,
1304927388,,,,,,
1304752044,,,,,,
1307786146,1309566582,0.7291792035102844,possible,,_source.text,_source.text
1307753818,,,,,,
1307939962,1311946125,0.6499940752983093,possible,,_source.text,_source.text
1293729586,,,,,,
1293704664,,,,,,
1316749547,,,,,,
1317731315,,,,,,
1317984704,,,,,,
1316938825,,,,,,
1316938824,,,,,,
1316749525,1349801862,0.7986734509468079,likely,,_source.text,_source.text
1315262851,,,,,,
1311623325,1323726682,0.651350200176239,possible,,_source.text,_source.text
1309162685,1308293722,0.8775631189346313,likely,,_source.text,_source.text
1312042006,,,,,,
1319951417,,,,,,
1319573683,,,,,,
1322347133,,,,,,
1323255871,1394011282,0.6646712422370911,possible,,_source.text,_source.text
1360189903,,,,,,
1361438209,,,,,,
1359936919,,,,,,
1362114495,,,,,,
1361647090,,,,,,
1363337060,,,,,,
1363337059,,,,,,
1363720258,,,,,,
1364156623,,,,,,
1356427759,,,,,,
1356464530,,,,,,
1355956678,,,,,,
1355840589,,,,,,
1355868351,,,,,,
1355614328,,,,,,
1353328344,,,,,,
1376533031,,,,,,
1375802212,,,,,,
1375843319,1404955076,0.641735315322876,possible,,_source.text,_source.text
1371037666,,,,,,
1378499859,,,,,,
1378531038,,,,,,
1379518419,,,,,,
1379622200,,,,,,
1379020246,,,,,,
1379747604,,,,,,
1368543250,1374951583,0.7516170144081116,likely,,_source.text,_source.text
1367275716,,,,,,
1384452271,,,,,,
1387504897,,,,,,
1387680178,,,,,,
1387598478,,,,,,
1386059852,,,,,,
1388620029,,,,,,
1388943470,,,,,,
1389036449,1409064269,0.6769942045211792,possible,,_source.text,_source.text
1389585756,,,,,,
1390627918,,,,,,
1296845769,1300651037,0.6510074734687805,possible,,_source.text,_source.text
1298441069,,,,,,
1299788514,,,,,,
1295564616,1305756868,0.6288950443267822,possible,,_source.text,_source.text
1300900226,,,,,,
1318026651,,,,,,
1316749524,1406120237,0.7896025776863098,likely,,_source.text,_source.text
1316812901,1323726682,0.7588462829589844,likely,,_source.text,_source.text
1316812743,,,,,,
1317605018,,,,,,
1315986831,,,,,,
1307651595,,,,,,
1308086788,,,,,,
1308015481,1314540013,0.6958950757980347,possible,,_source.text,_source.text
1315549540,1340738716,0.775484025478363,likely,,_source.text,_source.text
1312383562,,,,,,
1313274997,,,,,,
1311401396,,,,,,
1311595335,1311236146,0.7721273899078369,likely,,_source.text,_source.text
1319513354,,,,,,
1320574504,,,,,,
1322347104,,,,,,
1322347132,,,,,,
1322347103,,,,,,
1321906786,,,,,,
1323758117,,,,,,
1356498834,,,,,,
1361246017,,,,,,
1361968864,,,,,,
1360419543,,,,,,
1360477287,,,,,,
1361117976,,,,,,
1366801356,,,,,,
1366920341,,,,,,
1355474889,,,,,,
1354611874,,,,,,
1354735466,,,,,,
1354735464,,,,,,
1353328328,,,,,,
1367924616,,,,,,
1372298047,,,,,,
1372618674,,,,,,
1362746783,,,,,,
1363337062,,,,,,
1363000867,,,,,,
1375820297,,,,,,
1368709826,1373399905,0.7397798299789429,possible,,_source.text,_source.text
1367647109,,,,,,
1378436853,1394607370,0.8636195063591003,likely,,_source.text,_source.text
1384348615,,,,,,
1384928566,,,,,,
1384720631,1396749118,0.6356845498085022,possible,,_source.pretext,_source.text
1385551337,,,,,,
1385559430,,,,,,
1386266275,,,,,,
1386889841,,,,,,
1388919330,,,,,,
1389064447,,,,,,
1387642733,,,,,,
1389154092,,,,,,
1390318518,,,,,,
1372248802,,,,,,
1390665426,,,,,,
1359887456,,,,,,
1360699012,,,,,,
1356892524,,,,,,
1357283965,,,,,,
1363608214,,,,,,
1355912328,,,,,,
1356508675,,,,,,
1363617137,,,,,,
1354411189,,,,,,
1354735460,,,,,,
1354699427,,,,,,
1370011546,,,,,,
1369374849,,,,,,
1369643978,,,,,,
1372345876,,,,,,
1372511296,,,,,,
1373038865,,,,,,
1376558309,1406120222,0.8595077395439148,likely,,_source.text,_source.text
1368668870,,,,,,
1368445099,1372475580,0.6809156537055969,possible,,_source.text,_source.text
1368819879,,,,,,
1379555179,,,,,,
1379746759,,,,,,
1380108071,,,,,,
1380628119,,,,,,
1380951870,,,,,,
1379923660,,,,,,
1380214686,1402638172,0.6118207573890686,possible,,_source.pretext,_source.summary
1382849377,,,,,,
1385778344,,,,,,
1384428742,,,,,,
1384633487,,,,,,
1385061028,,,,,,
1388573164,,,,,,
1389037867,,,,,,
1389340852,,,,,,
1389341045,,,,,,
1389340945,,,,,,
1389845072,,,,,,
1296142930,1307652667,0.7158018350601196,possible,,_source.text,_source.text
1300996649,,,,,,
1316812737,,,,,,
1292464101,,,,,,
1293724986,,,,,,
1296693340,,,,,,
1316474613,1318361235,0.6726858019828796,possible,,_source.text,_source.text
1316812746,,,,,,
1316624279,,,,,,
1319235147,,,,,,
1315549512,1324860315,0.7427962422370911,possible,,_source.text,_source.text
1303774432,,,,,,
1309066748,,,,,,
1310313061,1311236146,0.7103227376937866,possible,,_source.pretext,_source.text
1303289632,,,,,,
1311283583,,,,,,
1311466996,,,,,,
1312275767,1381167378,0.6068106293678284,possible,,_source.text,_source.text
1312275766,,,,,,
1313204575,1323974314,0.8220161199569702,likely,,_source.text,_source.text
1302660992,,,,,,
1304456030,,,,,,
1304932134,,,,,,
1319573642,,,,,,
1319573702,,,,,,
1322347122,,,,,,
1318431093,,,,,,
1295642773,1295899479,0.8704369068145752,likely,,_source.text,_source.text
1300221684,,,,,,
1303859497,1305605359,0.8641513586044312,likely,,_source.text,_source.text
1302009579,,,,,,
1308585493,,,,,,
1308653242,,,,,,
1311623327,1310590867,0.801249623298645,likely,,_source.text,_source.text
1309162707,,,,,,
1310313125,,,,,,
1310313076,1348723627,0.6324539184570312,possible,,_source.text,_source.summary
1310313070,1324860315,0.7364406585693359,possible,,_source.text,_source.text
1293824210,,,,,,
1318956549,,,,,,
1319573628,,,,,,
1315549521,,,,,,
1302061462,1305605359,0.6424726843833923,possible,,_source.text,_source.text
1304694539,,,,,,
1297237440,,,,,,
1295642778,,,,,,
1295642751,,,,,,
1304719382,,,,,,
1317235853,,,,,,
1319573682,,,,,,
1322347106,,,,,,
1322915263,,,,,,
1321885230,,,,,,
1323758116,,,,,,
1300996645,1409064269,0.7018284201622009,possible,,_source.text,_source.text
1300850970,1367993887,0.6370129585266113,possible,,_source.text,_source.text
1297237139,,,,,,
1299999399,,,,,,
1294852985,,,,,,
1309071023,,,,,,
1293824234,,,,,,
1293707147,,,,,,
1310234975,,,,,,
1312275913,,,,,,
1309556939,,,,,,
1317845670,,,,,,
1319573623,,,,,,
1316812912,,,,,,
1316938686,,,,,,
1292527064,,,,,,
1292199854,1298112906,0.6153762340545654,possible,,_source.pretext,_source.text
1304460966,,,,,,
1304927203,,,,,,
1303566138,1311586469,0.6743344068527222,possible,,_source.text,_source.text
1307505533,,,,,,
1307487957,,,,,,
1311370780,,,,,,
1311329335,,,,,,
1323255837,,,,,,
1323153369,,,,,,
1323639662,1419867214,0.6875438094139099,possible,,_source.text,_source.text
1315549514,1331726339,0.6290834546089172,possible,,_source.text,_source.text
1304753751,,,,,,
1303757437,,,,,,
1300000237,,,,,,
1300006451,,,,,,
1300013637,,,,,,
1300529733,,,,,,
1302682768,1330402990,0.6260107159614563,possible,,_source.text,_source.text
1302682569,,,,,,
1295483826,,,,,,
1294972240,,,,,,
1294349782,,,,,,
1296142933,,,,,,
1308590066,,,,,,
1307673022,,,,,,
1308851447,,,,,,
1318464344,,,,,,
1318414863,,,,,,
1316812900,,,,,,
1316812693,,,,,,
1317751445,,,,,,
1319242901,,,,,,
1322243328,,,,,,
1322347105,,,,,,
1323675810,,,,,,
1323761085,,,,,,
1323623625,1323726682,0.8406865000724792,likely,,_source.text,_source.text
1330310467,,,,,,
1329726329,,,,,,
1326261518,,,,,,
1333710868,1334283729,0.760513186454773,likely,,_source.pretext,_source.summary
1325809727,,,,,,
1325971973,,,,,,
1327444540,,,,,,
1327491701,,,,,,
1327115546,,,,,,
1346443606,,,,,,
1346008221,,,,,,
1346279636,,,,,,
1346279664,1352146064,0.7963895201683044,likely,,_source.pretext,_source.summary
1345205562,1415594565,0.7263661026954651,possible,,_source.text,_source.text
1344840320,,,,,,
1339027742,,,,,,
1339672167,,,,,,
1340284700,,,,,,
1344710086,,,,,,
1345101149,1403503221,0.68012535572052,possible,,_source.text,_source.text
1338459288,,,,,,
1338602613,,,,,,
1340860620,1399104394,0.6115683317184448,possible,,_source.pretext,_source.text
1340883930,,,,,,
1340641136,,,,,,
1337477216,,,,,,
1348692023,,,,,,
1349487517,,,,,,
1352789494,,,,,,
1352880266,,,,,,
1340873138,,,,,,
1341724911,,,,,,
1341735489,,,,,,
1342143811,,,,,,
1342143817,,,,,,
1342143812,1362736641,0.6004177927970886,possible,,_source.text,_source.text
1347237222,,,,,,
1338609473,,,,,,
1337944397,,,,,,
1329944489,,,,,,
1331195988,,,,,,
1330315564,,,,,,
1331937842,,,,,,
1332181354,,,,,,
1334479586,,,,,,
1334484614,,,,,,
1335180115,,,,,,
1332470748,,,,,,
1332577365,1402395933,0.6301290392875671,possible,,_source.text,_source.text
1327137061,,,,,,
1326260306,,,,,,
1326877446,,,,,,
1324589541,,,,,,
1324852137,,,,,,
1334775553,,,,,,
1331959034,,,,,,
1348757256,,,,,,
1349740547,,,,,,
1352803869,,,,,,
1352338204,,,,,,
1295642780,,,,,,
1296708531,,,,,,
1296057583,,,,,,
1297237163,,,,,,
1296845749,,,,,,
1317606250,,,,,,
1318026642,,,,,,
1316749515,1323726682,0.7272195219993591,possible,,_source.text,_source.text
1314925279,1324860315,0.795110285282135,likely,,_source.text,_source.text
1315549524,,,,,,
1315932474,,,,,,
1300221754,,,,,,
1304932293,,,,,,
1304548145,1303944815,0.7275854349136353,possible,,_source.text,_source.text
1301319143,,,,,,
1301339918,1303944815,0.647257924079895,possible,,_source.text,_source.text
1309162713,,,,,,
1309088041,,,,,,
1308118378,,,,,,
1309849948,,,,,,
1319573641,1406120222,0.6160366535186768,possible,,_source.text,_source.text
1311623321,1323974314,0.7937520742416382,likely,,_source.text,_source.text
1312275803,,,,,,
1318164826,1357644046,0.6306949257850647,possible,,_source.text,_source.text
1313275083,,,,,,
1302373005,,,,,,
1323069683,,,,,,
1323255843,,,,,,
1318464400,,,,,,
1397099272,,,,,,
1398133655,1406120222,0.7033154964447021,possible,,_source.text,_source.text
1398261070,,,,,,
1398261078,,,,,,
1397712422,,,,,,
1395487837,,,,,,
1394579463,1394607370,0.6022257804870605,possible,,_source.text,_source.text
1400878421,,,,,,
1401099776,,,,,,
1401446273,,,,,,
1394318420,,,,,,
1394356039,,,,,,
1393731899,,,,,,
1395002709,,,,,,
1395033284,1394607370,0.7978625297546387,likely,,_source.text,_source.text
1394314251,1395909687,0.6262866854667664,possible,,_source.text,_source.text
1399580941,1406120237,0.8118090629577637,likely,,_source.text,_source.text
1392203718,,,,,,
1392203713,,,,,,
1390995965,,,,,,
1401507456,,,,,,
1409376073,,,,,,
1408858272,1411706762,0.6719343066215515,possible,,_source.text,_source.text
1406354266,,,,,,
1406664114,,,,,,
1411200296,,,,,,
1411385485,,,,,,
1410763066,,,,,,
1404989284,,,,,,
1404961846,,,,,,
1405619448,,,,,,
1403835913,,,,,,
1417693138,1417940441,0.645906388759613,possible,,_source.text,_source.text
1420676904,,,,,,
1420837403,,,,,,
1421402749,,,,,,
1421411761,,,,,,
1421947874,,,,,,
1422061500,,,,,,
1423564525,,,,,,
1423461081,,,,,,
1330163333,1358470576,0.6358976364135742,possible,,_source.text,_source.text
1330315740,1355606246,0.6691992878913879,possible,,_source.text,_source.text
1331447275,,,,,,
1332155066,,,,,,
1333685206,,,,,,
1327426457,,,,,,
1332918845,1377763507,0.7212011814117432,possible,,_source.text,_source.text
1324628386,,,,,,
1334177820,,,,,,
1334192589,,,,,,
1340189044,,,,,,
1341460811,,,,,,
1342143815,,,,,,
1345103189,,,,,,
1346090413,,,,,,
1337464212,,,,,,
1337198557,,,,,,
1340263282,,,,,,
1344780801,,,,,,
1335312998,,,,,,
1334785023,,,,,,
1347294029,,,,,,
1347643012,,,,,,
1347616298,1375531527,0.6771820783615112,possible,,_source.text,_source.text
1348248215,,,,,,
1349528736,,,,,,
1351868518,,,,,,
1351783438,,,,,,
1350142436,,,,,,
1349918448,,,,,,
1353615050,,,,,,
1353615072,,,,,,
1295642787,,,,,,
1299120255,1301638779,0.6222095489501953,possible,,_source.pretext,_source.text
1300221685,1299265266,0.7142115235328674,possible,,_source.text,_source.text
1300217187,,,,,,
1300203160,,,,,,
1300996647,1305985669,0.8695878982543945,likely,,_source.text,_source.text
1297985179,,,,,,
1292648221,,,,,,
1292645625,,,,,,
1303525294,1415457195,0.7708210945129395,likely,,_source.text,_source.text
1303840625,1312437396,0.7974022030830383,likely,,_source.text,_source.text
1302616326,,,,,,
1302821522,,,,,,
1303859513,,,,,,
1307369771,,,,,,
1307472309,,,,,,
1316812899,,,,,,
1316813089,,,,,,
1316812742,,,,,,
1315549513,,,,,,
1315549498,,,,,,
1315549515,1317931601,0.6391984224319458,possible,,_source.text,_source.text
1317211657,1323974314,0.6864219307899475,possible,,_source.text,_source.text
1318992319,,,,,,
1309827263,,,,,,
1311330568,,,,,,
1313745451,,,,,,
1319951416,,,,,,
1321927094,,,,,,
1323046945,,,,,,
1322589907,1409064269,0.6584595441818237,possible,,_source.text,_source.text
1322144841,,,,,,
1322147849,,,,,,
1331447274,,,,,,
1331847938,,,,,,
1332470719,,,,,,
1333512724,,,,,,
1332131076,1381167378,0.6776841878890991,possible,,_source.text,_source.text
1324608540,,,,,,
1334219774,,,,,,
1334561042,,,,,,
1325809726,,,,,,
1323893270,,,,,,
1334791881,,,,,,
1340159006,,,,,,
1344788508,,,,,,
1344964294,,,,,,
1344613227,,,,,,
1345308585,,,,,,
1336001998,,,,,,
1336793026,,,,,,
1337419224,,,,,,
1346159038,,,,,,
1346279647,,,,,,
1347780766,,,,,,
1347518241,,,,,,
1347538700,,,,,,
1338557255,,,,,,
1352338203,,,,,,
1352261973,,,,,,
1352876109,,,,,,
1352755763,,,,,,
1331993675,1419867214,0.657111644744873,possible,,_source.text,_source.text
1332370930,,,,,,
1333378455,,,,,,
1327444426,,,,,,
1330368656,,,,,,
1330297786,,,,,,
1329699324,,,,,,
1324809011,,,,,,
1326154956,,,,,,
1327105100,1368335722,0.6944143176078796,possible,,_source.text,_source.text
1333685147,,,,,,
1341477478,,,,,,
1342026284,,,,,,
1342067507,,,,,,
1335382317,,,,,,
1340883900,,,,,,
1340883899,1341415213,0.6542602181434631,possible,,_source.pretext,_source.text
1338539092,,,,,,
1338167822,,,,,,
1336808554,,,,,,
1342143808,,,,,,
1346279677,,,,,,
1347033037,,,,,,
1344588993,,,,,,
1344669759,,,,,,
1345934296,,,,,,
1349918451,1384792002,0.6328446269035339,possible,,_source.text,_source.text
1347487132,,,,,,
1347487133,,,,,,
1347657893,,,,,,
1348210816,,,,,,
1348528097,,,,,,
1349918449,,,,,,
1353292376,,,,,,
1299748515,,,,,,
1302614126,,,,,,
1302682570,,,,,,
1304932292,,,,,,
1304932294,,,,,,
1294992196,1296018324,0.6936975717544556,possible,,_source.text,_source.text
1293511475,,,,,,
1295065439,1380788803,0.7004956007003784,possible,,_source.text,_source.text
1292443953,,,,,,
1292088145,,,,,,
1296687805,1348048480,0.6901534795761108,possible,,_source.text,_source.text
1297290695,,,,,,
1300221598,,,,,,
1300878475,1305985669,0.8112052083015442,likely,,_source.text,_source.text
1300996646,,,,,,
1301442623,,,,,,
1301416126,1303873369,0.7244023680686951,possible,,_source.text,_source.text
1308118283,,,,,,
1310292535,,,,,,
1309800930,,,,,,
1318026691,,,,,,
1318026641,,,,,,
1312275805,,,,,,
1312275786,,,,,,
1312383499,,,,,,
1312275760,,,,,,
1312275804,,,,,,
1316812745,,,,,,
1311624447,1311236146,0.7000147104263306,possible,,_source.text,_source.text
1311623324,,,,,,
1311623332,1409064269,0.6621481776237488,possible,,_source.text,_source.text
1315549560,,,,,,
1316734343,,,,,,
1316813085,,,,,,
1316812907,,,,,,
1322072341,,,,,,
1322347043,,,,,,
